level,stage,label,n_sim,n_real,mean_sim,mean_real,median_sim,median_real,p90_sim,p90_real,mean_diff,median_diff,ks_stat,ks_pvalue
stage,ref_to_mri,Referral → MRI,117,150,25.70940170940171,25.28,23.0,22.0,38.0,42.099999999999994,0.4294017094017093,1.0,0.0758974358974359,0.8068852280461215
stage,mri_to_report,MRI → Report,113,150,6.584070796460177,7.406666666666666,7.0,7.0,12.0,14.0,-0.8225958702064897,0.0,0.08348082595870207,0.7175506575091871
stage,report_to_biopmdt,Report → Biopsy MDT,110,147,4.918181818181818,5.238095238095238,5.0,6.0,8.0,8.0,-0.31991341991342015,-1.0,0.08701298701298701,0.6859271313390657
stage,biopmdt_to_biopsy,Biopsy MDT → Biopsy,66,69,25.015151515151516,27.92753623188406,22.0,23.0,36.5,44.20000000000002,-2.912384716732543,-1.0,0.10869565217391304,0.7698166734864182
stage,biopsy_to_pathrep,Biopsy → Pathology,65,64,8.846153846153847,8.734375,8.0,7.0,15.600000000000001,15.700000000000003,0.1117788461538467,1.0,0.0641826923076923,0.9972547235368538
stage,pathrep_to_treatmdt,Pathology → Treatment MDT,56,49,11.035714285714286,10.73469387755102,10.0,9.0,21.0,21.0,0.30102040816326614,1.0,0.08673469387755102,0.9774461809495489
stage,treatmdt_to_outpat,Treatment MDT → Outpatient,52,49,12.384615384615385,11.183673469387756,12.0,12.0,31.39999999999999,13.0,1.200941915227629,0.0,0.05416012558869702,0.9999777705614225
full_pathway,full_pathway,Full pathway,52,49,92.8076923076923,94.26530612244898,94.5,92.0,115.8,118.2,-1.4576138147566695,2.5,0.1043956043956044,0.9100602849388908
