scenario,n,mean_days,median_days,p90_days,pct_within_62
ALL_BASELINE,839,94.94517282479141,91.0,123.0,2.1454112038140645
ALL_PROSTAD,449,144.815144766147,147.0,211.0,5.122494432071269
OBS_MIX,839,88.58522050059595,85.0,122.0,14.183551847437425
OBS_MIX_DES_BIOPSY,921,62.728555917480996,61.0,91.0,52.55157437567861
