transition,ratio_mean_ALL_MC_BASELINE,ratio_mean_PROSTAD,ratio_std_ALL_MC_BASELINE,ratio_std_PROSTAD,difference_mean
biopsy_done -> path_report,0.9721050703753258,0.9763524253842956,0.02035214992589678,0.016003582913088468,0.004247355008969778
path_report -> treat_mdt,0.7931781357114567,0.7873469262502908,0.03630104252623837,0.043842332269605634,-0.005831209461165887
treat_mdt -> outpatient,0.968747873107948,0.9715838932752228,0.019942003779274152,0.022307357036894265,0.0028360201672747998
