transition,ratio_mean_ALL_MC_BASELINE,ratio_mean_PROSTAD,ratio_std_ALL_MC_BASELINE,ratio_std_PROSTAD,difference_mean
biopsy_done -> path_report,0.975411137768884,0.9807717762626137,0.015441312643625787,0.01319306931009794,0.005360638493729697
path_report -> treat_mdt,0.7898382744113778,0.7868527228233181,0.04602824921330488,0.047305474541638276,-0.0029855515880596872
treat_mdt -> outpatient,0.9569051423544922,0.9616142067069452,0.023769743817874257,0.019532471275655675,0.004709064352452996
