label,n,mean,median,p90,min,max
Biopsy residual samples,69,2.2003780718336485,0.8405797101449295,6.200000000000003,0.0,14.246376811594246
