comparison,pathway_type,real_dataset,stage,label,n_sim,n_real,mean_sim,mean_real,median_sim,median_real,p90_sim,p90_real,mean_diff,median_diff,ks_stat,ks_pvalue
OBS_MIX BASELINE vs pre,BASELINE,pre,biopsy_to_pathrep,Biopsy → Pathology,61,64,8.967213114754099,8.734375,7.0,7.0,16.0,15.700000000000003,0.23283811475409877,0.0,0.07351434426229508,0.9879527586332952
OBS_MIX BASELINE vs pre,BASELINE,pre,mri_to_report,MRI → Report,99,150,6.292929292929293,7.406666666666666,7.0,7.0,12.0,14.0,-1.113737373737373,0.0,0.09373737373737374,0.6272687538165025
OBS_MIX BASELINE vs pre,BASELINE,pre,ref_to_mri,Referral → MRI,99,150,23.606060606060606,25.28,23.0,22.0,36.2,42.099999999999994,-1.6739393939393956,1.0,0.07292929292929293,0.8780021844344802
OBS_MIX BASELINE vs pre,BASELINE,pre,report_to_biopmdt,Report → Biopsy MDT,99,147,4.909090909090909,5.238095238095238,5.0,6.0,8.0,8.0,-0.32900432900432897,-1.0,0.08802308802308802,0.7063581228499665
OBS_MIX BASELINE vs pre,BASELINE,pre,treatmdt_to_outpat,Treatment MDT → Outpatient,52,49,12.384615384615385,11.183673469387756,12.0,12.0,31.39999999999999,13.0,1.200941915227629,0.0,0.05416012558869702,0.9999777705614225
OBS_MIX PROSTAD vs pros,PROSTAD,pros,biopsy_to_pathrep,Biopsy → Pathology,81,72,8.728395061728396,10.222222222222221,7.0,8.0,18.0,14.0,-1.4938271604938258,-1.0,0.14660493827160495,0.3461337560623913
OBS_MIX PROSTAD vs pros,PROSTAD,pros,mri_to_decision_combined,MRI → clinic/decision (combined),143,147,1.0,1.08843537414966,1.0,1.0,1.0,1.0,-0.08843537414965996,0.0,0.034013605442176874,0.9999663699865421
OBS_MIX PROSTAD vs pros,PROSTAD,pros,ref_to_mri,Referral → MRI,143,152,4.3426573426573425,13.125,5.0,13.0,7.0,19.0,-8.782342657342657,-8.0,0.8206661759293338,1.0147965875721007e-50
OBS_MIX PROSTAD vs pros,PROSTAD,pros,treatmdt_to_outpat,Treatment MDT → Outpatient,72,44,9.0,10.113636363636363,8.0,12.0,12.0,12.0,-1.1136363636363633,-4.0,0.1691919191919192,0.3664100592656928
