comparison,pathway_type,real_dataset,stage,label,n_sim,n_real,mean_sim,mean_real,median_sim,median_real,p90_sim,p90_real,mean_diff,median_diff,ks_stat,ks_pvalue
OBS_MIX BASELINE vs pre,BASELINE,pre,full_pathway,Full pathway,84,49,93.5,94.26530612244898,91.0,92.0,120.10000000000001,118.2,-0.7653061224489761,-1.0,0.11054421768707483,0.7988897085865676
OBS_MIX PROSTAD vs pros,PROSTAD,pros,full_pathway,Full pathway,93,50,81.36559139784946,73.4,78.0,64.5,109.0,107.10000000000002,7.965591397849451,13.5,0.2976344086021505,0.004645444504438266
