comparison,level,stage,n_sim,n_real,mean_sim,mean_real,median_sim,median_real,p90_sim,p90_real,mean_diff,median_diff,ks_stat,ks_pvalue
OBS_MIX vs ALL_REAL_COMBINED,stage,biopmdt_to_biopsy,222,141,27.774774774774773,30.73049645390071,22.0,23.0,43.0,56.0,-2.9557216791259364,-1.0,0.07303047728579644,0.7119645508575234
OBS_MIX vs ALL_REAL_COMBINED,stage,biopsy_to_pathrep,220,136,9.031818181818181,9.522058823529411,8.0,8.0,16.0,15.0,-0.49024064171122994,0.0,0.0481283422459893,0.9830828593859399
OBS_MIX vs ALL_REAL_COMBINED,stage,mri_to_report,400,297,3.8475,4.279461279461279,1.0,1.0,10.0,11.0,-0.43196127946127927,0.0,0.05444444444444444,0.666327946095085
OBS_MIX vs ALL_REAL_COMBINED,stage,pathrep_to_treatmdt,181,106,10.232044198895027,13.150943396226415,9.0,9.0,18.0,27.0,-2.9188991973313883,0.0,0.09016991556343167,0.607124605139282
OBS_MIX vs ALL_REAL_COMBINED,stage,ref_to_mri,407,302,25.847665847665848,19.162251655629138,22.0,15.0,46.0,34.0,6.68541419203671,7.0,0.32800169224010284,4.8913266360363976e-17
OBS_MIX vs ALL_REAL_COMBINED,stage,report_to_biopmdt,395,147,2.460759493670886,5.238095238095238,0.0,6.0,7.0,8.0,-2.7773357444243523,-6.0,0.517247911822957,8.536191152137588e-27
OBS_MIX vs ALL_REAL_COMBINED,stage,treatmdt_to_outpat,177,93,10.265536723163843,10.67741935483871,10.0,12.0,13.0,13.0,-0.4118826316748674,-2.0,0.11299435028248588,0.38174710742497237
