comparison,pathway_type,real_dataset,stage,label,n_sim,n_real,mean_sim,mean_real,median_sim,median_real,p90_sim,p90_real,mean_diff,median_diff,ks_stat,ks_pvalue
OBS_MIX BASELINE vs pre,BASELINE,pre,biopsy_to_pathrep,Biopsy → Pathology,103,64,9.223300970873787,8.734375,8.0,7.0,16.0,15.700000000000003,0.48892597087378675,1.0,0.06507888349514564,0.9905295840629037
OBS_MIX BASELINE vs pre,BASELINE,pre,mri_to_report,MRI → Report,171,150,6.777777777777778,7.406666666666666,7.0,7.0,13.0,14.0,-0.6288888888888886,0.0,0.06257309941520468,0.8864775339029981
OBS_MIX BASELINE vs pre,BASELINE,pre,ref_to_mri,Referral → MRI,171,150,24.36842105263158,25.28,23.0,22.0,36.0,42.099999999999994,-0.9115789473684224,1.0,0.05485380116959064,0.9547152512500673
OBS_MIX BASELINE vs pre,BASELINE,pre,report_to_biopmdt,Report → Biopsy MDT,171,147,5.093567251461988,5.238095238095238,6.0,6.0,8.0,8.0,-0.14452798663324984,0.0,0.042725862274734454,0.9969121760082388
OBS_MIX BASELINE vs pre,BASELINE,pre,treatmdt_to_outpat,Treatment MDT → Outpatient,84,49,11.226190476190476,11.183673469387756,12.0,12.0,13.0,13.0,0.0425170068027203,0.0,0.0782312925170068,0.9822229932269353
OBS_MIX PROSTAD vs pros,PROSTAD,pros,biopsy_to_pathrep,Biopsy → Pathology,106,72,8.88679245283019,10.222222222222221,7.0,8.0,17.5,14.0,-1.3354297693920323,-1.0,0.1470125786163522,0.2769237892218002
OBS_MIX PROSTAD vs pros,PROSTAD,pros,mri_to_decision_combined,MRI → clinic/decision (combined),191,147,1.0,1.08843537414966,1.0,1.0,1.0,1.0,-0.08843537414965996,0.0,0.034013605442176874,0.9998968710134205
OBS_MIX PROSTAD vs pros,PROSTAD,pros,ref_to_mri,Referral → MRI,191,152,25.12565445026178,13.125,20.0,13.0,46.0,19.0,12.00065445026178,7.0,0.575089556351612,1.7908709881808433e-26
OBS_MIX PROSTAD vs pros,PROSTAD,pros,treatmdt_to_outpat,Treatment MDT → Outpatient,93,44,9.397849462365592,10.113636363636363,10.0,12.0,12.0,12.0,-0.7157869012707714,-2.0,0.15127077223851418,0.4467343962233531
