metric,label,n_sim,sim_mean,sim_median,sim_p90,observed_mean,report_mean,sim_minus_observed,sim_minus_report,observed_minus_report
time_to_mri,Time to MRI,143,4.3426573426573425,5.0,7.0,13.125,13.0,-8.782342657342657,-8.657342657342657,0.125
time_to_mri_reporting,Time to MRI reporting,143,5.3426573426573425,6.0,8.0,14.013698630136986,14.0,-8.671041287479643,-8.657342657342657,0.013698630136985912
time_to_biopsy_decision,Time to biopsy decision,143,5.3426573426573425,6.0,8.0,,14.0,,-8.657342657342657,
time_to_biopsy,Time to biopsy,81,35.77777777777778,30.0,56.0,47.791666666666664,46.0,-12.013888888888886,-10.222222222222221,1.7916666666666643
time_to_diagnosis,Time to diagnosis,81,44.50617283950617,39.0,68.0,58.098591549295776,53.0,-13.592418709789605,-8.49382716049383,5.098591549295776
time_to_outpatient_diagnosis,Time to outpatient diagnosis,72,62.861111111111114,60.0,87.6,73.4,70.0,-10.538888888888891,-7.138888888888886,3.4000000000000057
