metric,label,n_sim,sim_mean,sim_median,sim_p90,observed_mean,report_mean,sim_minus_observed,sim_minus_report,observed_minus_report
time_to_mri,Time to MRI,191,25.12565445026178,20.0,46.0,13.125,13.0,12.00065445026178,12.12565445026178,0.125
time_to_mri_reporting,Time to MRI reporting,191,26.12565445026178,21.0,47.0,14.013698630136986,14.0,12.111955820124795,12.12565445026178,0.013698630136985912
time_to_biopsy_decision,Time to biopsy decision,191,26.12565445026178,21.0,47.0,,14.0,,12.12565445026178,
time_to_biopsy,Time to biopsy,106,53.39622641509434,50.0,72.5,47.791666666666664,46.0,5.6045597484276755,7.39622641509434,1.7916666666666643
time_to_diagnosis,Time to diagnosis,106,62.283018867924525,59.0,87.0,58.098591549295776,53.0,4.1844273186287495,9.283018867924525,5.098591549295776
time_to_outpatient_diagnosis,Time to outpatient diagnosis,93,81.36559139784946,78.0,109.0,73.4,70.0,7.965591397849451,11.365591397849457,3.4000000000000057
