level,stage,label,n_runs,n_sim_mean,n_sim_sd,n_real,mean_sim_mean,mean_sim_sd,mean_real,median_sim_mean,median_sim_sd,median_real,p90_sim_mean,p90_sim_sd,p90_real,mean_diff_mean,mean_diff_sd,ks_stat_mean,ks_stat_sd,ks_pvalue_median
full_pathway,full_pathway,Full pathway,30,55.4,6.820860497842957,50,68.0278283556284,5.157808748003673,73.4,65.13333333333334,5.4328714280776955,64.5,90.22000000000001,8.036442856955023,107.10000000000002,-5.3721716443716,5.1578087480036725,0.2017755476401785,0.06748969392992804,0.25555260189965434
stage,biopmdt_to_biopsy,Biopsy Decision → Biopsy,30,74.36666666666666,9.25680861566914,72,27.193611537124664,1.4360363060818062,33.416666666666664,22.583333333333332,0.49276372832628734,23.0,42.323333333333345,5.89340270152133,70.6,-6.223055129541998,1.436036306081807,0.1524058371038742,0.029799897399117953,0.2974793737583673
stage,biopsy_to_pathrep,Biopsy → Pathology,30,72.73333333333333,8.626076477883725,72,8.589102952890661,0.6338713194918905,10.222222222222221,7.233333333333333,0.504006932993731,8.0,15.22,1.292524928059483,14.0,-1.633119269331562,0.6338713194918906,0.1690715427339437,0.0350835174873355,0.2307323849874826
stage,mri_to_report,MRI → MRI Report,30,135.4,9.740070098168765,147,1.0,0.0,1.08843537414966,1.0,0.0,1.0,1.0,0.0,1.0,-0.08843537414965996,0.0,0.034013605442176874,0.0,0.9999791492091366
stage,pathrep_to_treatmdt,Pathology → Treatment MDT,30,57.9,6.768843429959829,57,10.803193939188207,0.8708657992492229,15.228070175438596,9.05,0.4974070698165116,9.0,19.253333333333334,3.7982512612619725,39.599999999999994,-4.424876236250389,0.8708657992492229,0.16740664869944366,0.011611243396217854,0.3673417339179945
stage,ref_to_mri,Referral → MRI,30,135.4,9.740070098168765,152,10.437789570733138,4.400995854570586,13.125,9.983333333333333,5.180339712820954,13.0,19.15666666666667,7.688131620627469,19.0,-2.687210429266862,4.400995854570587,0.44772811886973457,0.1417538470106055,3.9756913666618696e-12
stage,treatmdt_to_outpat,Treatment MDT → Outpatient,30,55.4,6.820860497842957,44,10.857970505639368,0.98133785128012,10.113636363636363,11.466666666666667,0.8995528902176072,12.0,15.486666666666668,6.290810667201385,12.0,0.7443341420030046,0.9813378512801197,0.11811212593966487,0.03690202990896744,0.8482237724521737
