mri_capacity,biopsy_capacity,n_runs,n_patients_mean,metric_mean_mean,metric_mean_sd,metric_median_mean,metric_p90_mean,metric,scenario
4,2,30,204.66666666666666,51.082917707982155,9.155313341671812,50.666666666666664,89.66333333333334,ref_to_mri_wait,ALL_PROSTAD
4,3,30,204.66666666666666,51.082917707982155,9.155313341671812,50.666666666666664,89.66333333333334,ref_to_mri_wait,ALL_PROSTAD
4,4,30,204.66666666666666,51.082917707982155,9.155313341671812,50.666666666666664,89.66333333333334,ref_to_mri_wait,ALL_PROSTAD
5,2,30,252.76666666666668,22.2878825638311,8.049590340245322,22.1,37.63,ref_to_mri_wait,ALL_PROSTAD
5,3,30,252.76666666666668,22.2878825638311,8.049590340245322,22.1,37.63,ref_to_mri_wait,ALL_PROSTAD
5,4,30,252.76666666666668,22.2878825638311,8.049590340245322,22.1,37.63,ref_to_mri_wait,ALL_PROSTAD
6,2,30,278.3666666666667,6.607307417137595,2.2768004618686635,6.2,12.156666666666668,ref_to_mri_wait,ALL_PROSTAD
6,3,30,278.3666666666667,6.607307417137595,2.2768004618686635,6.2,12.156666666666668,ref_to_mri_wait,ALL_PROSTAD
6,4,30,278.3666666666667,6.607307417137595,2.2768004618686635,6.2,12.156666666666668,ref_to_mri_wait,ALL_PROSTAD
