mri_capacity,biopsy_capacity,n_runs,n_patients_mean,metric_mean_mean,metric_mean_sd,metric_median_mean,metric_p90_mean,metric,scenario
4,2,30,93.83333333333333,80.11068694577645,10.39894335967954,80.25,116.28,time_to_outpatient,ALL_PROSTAD
4,3,30,93.83333333333333,80.11068694577645,10.39894335967954,80.25,116.28,time_to_outpatient,ALL_PROSTAD
4,4,30,93.83333333333333,80.11068694577645,10.39894335967954,80.25,116.28,time_to_outpatient,ALL_PROSTAD
5,2,30,114.96666666666667,53.64005836076182,8.054628733479532,52.81666666666667,71.58,time_to_outpatient,ALL_PROSTAD
5,3,30,115.06666666666666,53.392497429172224,8.165040531172583,52.53333333333333,71.47333333333334,time_to_outpatient,ALL_PROSTAD
5,4,30,115.06666666666666,53.392497429172224,8.165040531172583,52.53333333333333,71.47333333333334,time_to_outpatient,ALL_PROSTAD
6,2,30,126.8,40.23338434463331,2.81319254634572,38.7,54.19333333333334,time_to_outpatient,ALL_PROSTAD
6,3,30,127.33333333333333,39.20895877105155,2.656367256420107,37.55,53.04666666666667,time_to_outpatient,ALL_PROSTAD
6,4,30,127.33333333333333,39.20895877105155,2.656367256420107,37.55,53.04666666666667,time_to_outpatient,ALL_PROSTAD
