level,stage,label,n_sim,n_real,mean_sim,mean_real,median_sim,median_real,p90_sim,p90_real,mean_diff,median_diff,ks_stat,ks_pvalue
stage,ref_to_mri,Referral → MRI,133,150,24.473684210526315,25.28,21.0,22.0,42.599999999999994,42.099999999999994,-0.8063157894736861,-1.0,0.08315789473684211,0.6718452588594718
stage,mri_to_report,MRI → Report,129,150,7.612403100775194,7.406666666666666,7.0,7.0,14.200000000000003,14.0,0.2057364341085277,0.0,0.03054263565891473,0.999999010681301
stage,report_to_biopmdt,Report → Biopsy MDT,123,147,5.3983739837398375,5.238095238095238,6.0,6.0,8.0,8.0,0.16027874564459932,0.0,0.03368176538908246,0.9999912537817514
stage,biopmdt_to_biopsy,Biopsy MDT → Biopsy,63,69,26.96825396825397,27.92753623188406,23.0,23.0,37.0,44.20000000000002,-0.9592822636300902,0.0,0.06694271911663216,0.9950466893713233
stage,biopsy_to_pathrep,Biopsy → Pathology,62,64,9.112903225806452,8.734375,8.0,7.0,16.9,15.700000000000003,0.37852822580645196,1.0,0.05897177419354839,0.9992716593709009
stage,pathrep_to_treatmdt,Pathology → Treatment MDT,48,49,11.729166666666666,10.73469387755102,10.0,9.0,24.0,21.0,0.9944727891156457,1.0,0.13095238095238096,0.7375725842241595
stage,treatmdt_to_outpat,Treatment MDT → Outpatient,46,49,9.869565217391305,11.183673469387756,12.0,12.0,12.0,13.0,-1.3141082519964513,0.0,0.061224489795918366,0.9998324472944017
full_pathway,full_pathway,Full pathway,46,49,98.97826086956522,94.26530612244898,90.5,92.0,134.0,118.2,4.7129547471162425,-1.5,0.17701863354037267,0.3875525586262323
