level,stage,label,n_sim,n_real,mean_sim,mean_real,median_sim,median_real,p90_sim,p90_real,mean_diff,median_diff,ks_stat,ks_pvalue
stage,ref_to_mri,Referral → MRI,421,150,24.356294536817103,25.28,21.0,22.0,41.0,42.099999999999994,-0.9237054631828983,-1.0,0.06020585906571655,0.7894784114464626
stage,mri_to_report,MRI → Report,409,150,7.276283618581907,7.406666666666666,7.0,7.0,14.0,14.0,-0.13038304808475942,0.0,0.02787286063569682,0.9999788596564135
stage,report_to_biopmdt,Report → Biopsy MDT,398,147,5.346733668341709,5.238095238095238,6.0,6.0,8.0,8.0,0.10863843024647046,0.0,0.021348237787577343,0.9999999958767123
stage,biopmdt_to_biopsy,Biopsy MDT → Biopsy,204,69,27.46078431372549,27.92753623188406,23.0,23.0,41.500000000000085,44.20000000000002,-0.4667519181585682,0.0,0.027493606138107418,0.999999999889518
stage,biopsy_to_pathrep,Biopsy → Pathology,192,64,8.838541666666666,8.734375,7.5,7.0,16.0,15.700000000000003,0.10416666666666607,0.5,0.041666666666666664,0.9999929744923226
stage,pathrep_to_treatmdt,Pathology → Treatment MDT,158,49,10.822784810126583,10.73469387755102,9.0,9.0,18.900000000000034,21.0,0.08809093257556277,0.0,0.03074141048824593,0.9999999999772501
stage,treatmdt_to_outpat,Treatment MDT → Outpatient,153,49,10.895424836601308,11.183673469387756,12.0,12.0,13.0,13.0,-0.2882486327864484,0.0,0.025210084033613446,0.9999999999999997
