stage,label,n,mean_days,median_days,iqr_days,q1_days,q3_days,min_days,max_days,skewness,shapiro_w,shapiro_p
ref_to_mri,Referral → MRI,150,25.28,22.0,13.75,15.25,29.0,6.0,114.0,2.571845217664322,0.7980542362272929,4.127584565131118e-13
mri_to_report,MRI → Report,150,7.406666666666666,7.0,6.0,4.0,10.0,0.0,28.0,0.6910345414381421,0.9522073784944043,5.017706442290635e-05
report_to_biopmdt,Report → Biopsy MDT,147,5.238095238095238,6.0,4.0,3.0,7.0,0.0,10.0,-0.3625312797492712,0.9289637834101436,1.047900156746505e-06
biopmdt_to_biopsy,Biopsy MDT → Biopsy,69,27.92753623188406,23.0,15.0,21.0,36.0,8.0,76.0,1.6225751664422305,0.8356946296339612,2.8329712931854984e-07
biopsy_to_pathrep,Biopsy → Pathology,64,8.734375,7.0,6.25,5.0,11.25,1.0,24.0,1.1443877168674128,0.8971392608732842,6.25334231577388e-05
pathrep_to_treatmdt,Pathology → Treatment MDT,49,10.73469387755102,9.0,4.0,7.0,11.0,4.0,29.0,1.4985379455232537,0.8267644985076948,4.617090903650167e-06
treatmdt_to_outpat,Treatment MDT → Outpatient,49,11.183673469387756,12.0,6.0,6.0,12.0,0.0,39.0,2.125917047174325,0.7195323537963452,2.3718258230531287e-08
