stage,label,n_real,n_sim,median_real,median_sim,iqr_real,iqr_sim,p90_real,p90_sim,ks_stat,ks_pvalue
ref_to_mri,Referral → MRI,150,4274,22.0,22.0,13.75,14.0,42.099999999999994,41.0,0.020505381375760412,0.9999998940749545
mri_to_report,MRI → Report,150,4179,7.0,7.0,6.0,6.0,14.0,14.0,0.007968413496051686,1.0
report_to_biopmdt,Report → Biopsy MDT,147,4115,6.0,6.0,4.0,4.0,8.0,8.0,0.01246311404270092,1.0
biopmdt_to_biopsy,Biopsy MDT → Biopsy,69,2281,23.0,23.0,15.0,14.0,44.20000000000002,43.0,0.020344496756444223,1.0
biopsy_to_pathrep,Biopsy → Pathology,64,2218,7.0,7.0,6.25,5.0,15.700000000000003,16.0,0.027093665464382327,0.9999999990001489
pathrep_to_treatmdt,Pathology → Treatment MDT,49,1763,9.0,9.0,4.0,4.0,21.0,21.0,0.02972669498882934,0.9999999997538371
treatmdt_to_outpat,Treatment MDT → Outpatient,49,1696,12.0,12.0,6.0,6.0,13.0,13.0,0.026701482479784367,0.9999999999988496
total_pathway_time,Total pathway time,49,1696,92.0,91.0,27.0,27.0,118.2,123.0,0.08743261455525607,0.8279163573072834
