stage,label,n_real,n_sim,median_real,median_sim,iqr_real,iqr_sim,p90_real,p90_sim,ks_stat,ks_pvalue
ref_to_mri,Referral → MRI,150,133,22.0,21.0,13.75,15.0,42.099999999999994,42.599999999999994,0.08315789473684211,0.6718452588594718
mri_to_report,MRI → Report,150,129,7.0,7.0,6.0,7.0,14.0,14.200000000000003,0.03054263565891473,0.999999010681301
report_to_biopmdt,Report → Biopsy MDT,147,123,6.0,6.0,4.0,3.5,8.0,8.0,0.03368176538908246,0.9999912537817514
biopmdt_to_biopsy,Biopsy MDT → Biopsy,69,63,23.0,23.0,15.0,14.0,44.20000000000002,37.0,0.06694271911663216,0.9950466893713233
biopsy_to_pathrep,Biopsy → Pathology,64,62,7.0,8.0,6.25,6.0,15.700000000000003,16.9,0.05897177419354839,0.9992716593709009
pathrep_to_treatmdt,Pathology → Treatment MDT,49,48,9.0,10.0,4.0,7.0,21.0,24.0,0.13095238095238096,0.7375725842241595
treatmdt_to_outpat,Treatment MDT → Outpatient,49,46,12.0,12.0,6.0,6.0,13.0,12.0,0.061224489795918366,0.9998324472944017
