level,stage,label,n_runs,n_sim_mean,n_sim_sd,n_real,mean_sim_mean,mean_sim_sd,mean_real,median_sim_mean,median_sim_sd,median_real,p90_sim_mean,p90_sim_sd,p90_real,mean_diff_mean,mean_diff_sd,ks_stat_mean,ks_stat_sd,ks_pvalue_median
full_pathway,full_pathway,Full pathway,30,57.13333333333333,7.541761128512373,50,62.75624047995065,2.836485930711341,73.4,59.9,2.9664793948382666,64.5,84.49000000000001,6.737560696419074,107.10000000000002,-10.643759520049354,2.8364859307113415,0.2516176475287825,0.08162292672649218,0.04910194839288383
stage,biopmdt_to_biopsy,Biopsy Decision → Biopsy,30,76.76666666666667,10.074492657144111,72,27.162916192450222,1.4047645255209256,33.416666666666664,22.55,0.4974070698165117,23.0,42.31333333333334,5.978105646978548,70.6,-6.2537504742164405,1.4047645255209253,0.1522234191348769,0.030703574618640667,0.2944523361021716
stage,biopsy_to_pathrep,Biopsy → Pathology,30,75.23333333333333,9.842495244788191,72,8.599524605265835,0.5866579526879081,10.222222222222221,7.233333333333333,0.4866021056216283,8.0,15.293333333333333,1.2738573874960097,14.0,-1.6226976169563865,0.5866579526879084,0.16590286222761516,0.03378749333777934,0.2771860864821266
stage,mri_to_report,MRI → MRI Report,30,139.5,11.746606259711342,147,1.0,0.0,1.08843537414966,1.0,0.0,1.0,1.0,0.0,1.0,-0.08843537414965996,0.0,0.034013605442176874,0.0,0.9999743901502547
stage,pathrep_to_treatmdt,Pathology → Treatment MDT,30,59.833333333333336,7.115225701382157,57,10.81371516509919,0.8507510731008776,15.228070175438596,9.083333333333334,0.4564354645876384,9.0,19.37,3.656656660261458,39.599999999999994,-4.414355010339405,0.8507510731008776,0.1663834817540577,0.011435858675047247,0.358830174143157
stage,ref_to_mri,Referral → MRI,30,139.5,11.746606259711342,152,4.3172651368174995,0.5948693657436699,13.125,4.683333333333334,0.4997125610570149,13.0,7.503333333333334,1.869996004667193,19.0,-8.807734863182501,0.5948693657436701,0.8054956028305561,0.07433807556674996,6.553465375048869e-51
stage,treatmdt_to_outpat,Treatment MDT → Outpatient,30,57.13333333333333,7.541761128512373,44,10.808853202032857,0.9634815525338074,10.113636363636363,11.533333333333333,0.8603661343041527,12.0,15.453333333333335,6.24338178329293,12.0,0.6952168383964951,0.963481552533807,0.11584424907857344,0.03741077044553581,0.8434644327169866
