outcome_set,keys,chi2_stat,chi2_pvalue,sim_props,obs_probs
biopmdt_outcome,"[0, 1, 2]",7.78158403110044,0.020429159416819935,"{0: 0.3744, 1: 0.6111, 2: 0.0145}","{1: 0.5986394557823129, 0: 0.3877551020408163, 2: 0.013605442176870748}"
pathrep_outcome,"[0, 1]",0.2848142693503489,0.5935629960509295,"{0.0: 0.1791850760922926, 1.0: 0.8208149239077074}","{1: 0.8181818181818182, 0: 0.18181818181818182}"
