outcome_set,keys,chi2_stat,chi2_pvalue,sim_props,obs_probs
biopmdt_outcome,"[0, 1, 2]",1.610690490430614,0.44693359823398104,"{0: 0.3865, 1: 0.6013, 2: 0.0122}","{1: 0.5986394557823129, 0: 0.3877551020408163, 2: 0.013605442176870748}"
pathrep_outcome,"[0, 1]",2.8254430216013384,0.09278128758223067,"{0.0: 0.17345750873108265, 1.0: 0.8265424912689173}","{1: 0.8181818181818182, 0: 0.18181818181818182}"
