metric,n,mean,std,min,p25,p50,p75,max,ks_statistic,ks_pvalue
sim_total_days,10000.0,72.7825,34.365652817302276,9.0,44.0,73.0,98.25,267.0,,
obs_total_days,150.0,61.86666666666667,33.4312209235391,13.0,35.0,51.0,86.0,182.0,,
ks_total_days,,,,,,,,,0.19976666666666668,1.2083108185512861e-05
