metric,n,mean,std,min,p25,p50,p75,max,ks_statistic,ks_pvalue
sim_total_days,10000.0,66.3961,32.105100506583895,9.0,37.0,65.0,86.0,225.0,,
obs_total_days,150.0,61.86666666666667,33.4312209235391,13.0,35.0,51.0,86.0,182.0,,
ks_total_days,,,,,,,,,0.13016666666666668,0.012118619614699146
