metric,n,mean,std,min,p25,p50,p75,max,ks_statistic,ks_pvalue
sim_total_days,10000.0,73.2561,34.78311227132972,9.0,42.0,74.0,98.0,252.0,,
obs_total_days,150.0,61.86666666666667,33.4312209235391,13.0,35.0,51.0,86.0,182.0,,
ks_total_days,,,,,,,,,0.19193333333333334,3.052020831677956e-05
