metric,n,mean,std,min,p25,p50,p75,max,ks_statistic,ks_pvalue
sim_total_days,10000.0,73.2079,34.272988509380625,9.0,42.0,77.0,98.0,259.0,,
obs_total_days,150.0,61.86666666666667,33.4312209235391,13.0,35.0,51.0,86.0,182.0,,
ks_total_days,,,,,,,,,0.19543333333333332,2.026913707794126e-05
