stage_event,pdf_key,obs_n,sim_n,obs_mean,sim_mean,obs_median,sim_median,ks_statistic,ks_pvalue
MDT_occured,pre_mrirep_to_biopsymdt,147,10000,5.238095238095238,5.252,6.0,6.0,0.00614421768707483,1.0
Outpatient_appointment_occured,pre_treatmdt_to_outpat,49,5016,11.183673469387756,11.10865231259968,12.0,12.0,0.004776551769032972,1.0
Path_report_recieved,pre_biop_to_pathrep,64,6111,8.734375,8.766813942071675,7.0,7.0,0.008284241531664212,1.0
Treatment_options_MDT_occured,pre_pathrep_to_treatmdt,49,5016,10.73469387755102,10.72188995215311,9.0,9.0,0.004373759073007194,1.0
biopsy_done,pre_biopmdt_to_biop,69,6111,27.92753623188406,27.703158239240715,23.0,23.0,0.010166983273213663,1.0
mri_performed,pre_referral_to_mri,150,10000,25.28,25.3412,22.0,22.0,0.004533333333333334,1.0
mri_report_ready,pre_mri_to_mrireport,150,10000,7.406666666666666,7.4693,7.0,7.0,0.009533333333333333,1.0
