stage_event,pdf_key,obs_n,sim_n,obs_mean,sim_mean,obs_median,sim_median,ks_statistic,ks_pvalue
MDT_occured,pre_mrirep_to_biopsymdt,147,10000,5.238095238095238,5.425,6.0,5.0,0.22778639455782312,4.3445528253268285e-07
Outpatient_appointment_occured,pre_treatmdt_to_outpat,49,5026,11.183673469387756,11.076601671309191,12.0,12.0,0.006310044909328634,1.0
Path_report_recieved,pre_biop_to_pathrep,64,6115,8.734375,8.763205233033524,7.0,7.0,0.008197056418642682,1.0
Treatment_options_MDT_occured,pre_pathrep_to_treatmdt,49,5026,10.73469387755102,11.355551134102667,9.0,10.0,0.19220055710306408,0.04807005515651011
biopsy_done,pre_biopmdt_to_biop,69,6115,27.92753623188406,27.69403107113655,23.0,23.0,0.01137852986834465,1.0
mri_performed,pre_referral_to_mri,150,10000,25.28,25.3412,22.0,22.0,0.004533333333333334,1.0
mri_report_ready,pre_mri_to_mrireport,150,10000,7.406666666666666,7.4057,7.0,7.0,0.0031333333333333335,1.0
