event,count_mean_ALL_BASELINE,count_mean_ALL_PROSTAD,count_mean_OBS_MIX,count_std_ALL_BASELINE,count_std_ALL_PROSTAD,count_std_OBS_MIX,obs_mix_minus_baseline,allpros_minus_baseline
MDT_occured,410.35,200.5,400.3,19.399606615653454,0.7608859102526941,12.917144869472795,-10.050000000000011,-209.85000000000002
Outpatient_appointment_occured,165.7,82.75,162.9,13.223185379436657,5.93717104351896,10.764952880821903,-2.799999999999983,-82.94999999999999
Path_report_outcome,219.5,108.5,214.4,15.153599537646768,5.924969464722562,13.351128475861032,-5.099999999999994,-111.0
Path_report_recieved,219.5,108.5,214.4,15.153599537646768,5.924969464722562,13.351128475861032,-5.099999999999994,-111.0
Treatment_options_MDT_occured,173.35,85.9,169.7,12.608581037907229,6.43101039781791,10.983720010231414,-3.6500000000000057,-87.44999999999999
biopsy_done,225.85,111.2,220.55,15.503055725956264,6.1181352508234434,13.100723162040373,-5.299999999999983,-114.64999999999999
mri_performed,426.05,200.5,407.75,19.104904302849896,0.7608859102526941,13.802650393845996,-18.30000000000001,-225.55
mri_report_ready,417.15,200.5,403.65,19.588597650029392,0.7608859102526941,13.723874702215301,-13.5,-216.64999999999998
referral_received,456.5,456.5,456.5,19.225805027289976,19.225805027289976,19.225805027289976,0.0,0.0
