scenario,resource,mean_queue_len_mean,mean_queue_len_std,peak_queue_len_mean,peak_queue_len_std,mean_wait_mean,mean_wait_std,peak_wait_mean,peak_wait_std,n_wait_observations_mean
ALL_BASELINE,MRI_PROSTAD,0.0,0.0,0.0,0.0,0.0,0.0,0.0,0.0,0.0
ALL_PROSTAD,MRI_PROSTAD,118.54219178082192,12.348837685378749,242.7,18.882183192238738,96.57582084626372,7.098391073056885,191.4,13.319554283675915,200.5
OBS_MIX,MRI_PROSTAD,13.973013698630137,6.497164258052479,30.0,11.04059494964403,22.483910589747673,9.828445093970789,45.75,15.657098608685622,195.95
