pathway_type,n,mean_days,median_days,p75,p90,pct_within_62
BASELINE,1657,94.42063971031986,91.0,106.0,122.0,2.5347012673506337
PROSTAD,1601,90.11242973141786,88.0,103.0,119.0,7.245471580262336
