scenario,mean_days,median_days,pct_within_62,delta_mean_vs_baseline,delta_pct_within_62
ALL_BASELINE,94.25769462884732,91.0,2.6252263126131563,0.0,0.0
ALL_PROSTAD,143.84959349593495,144.0,4.645760743321719,49.591898867087636,2.0205344307085626
OBS_MIX,87.18113093438161,85.0,12.065315996371334,-7.076563694465705,9.440089683758178
