scenario,n,mean_days,median_days,std_days,min_days,max_days,p25,p75,pct_within_62
ALL_BASELINE,3314,94.25769462884732,91.0,20.341677909730222,41,197,80.0,106.0,2.6252263126131563
ALL_PROSTAD,1655,152.0797583081571,152.0,48.486397648148596,44,264,111.0,193.0,1.027190332326284
OBS_MIX,3258,92.30356046654389,90.0,20.86131802437295,43,197,78.0,105.0,4.849600982197668
