n_sim,n_real,mean_sim,mean_real,median_sim,median_real,p90_sim,p90_real,mean_diff,median_diff,ks_stat,ks_p,stage,dataset
4110,64,8.620194647201947,8.734375,7.0,7.0,15.0,15.700000000000003,-0.11418035279805316,0.0,0.01624847931873479,1.0,biopsy_to_pathrep,BASELINE
4100,72,8.609268292682927,10.222222222222221,7.0,8.0,15.0,14.0,-1.6129539295392945,-1.0,0.14128726287262872,0.10738874817150704,biopsy_to_pathrep,OBS_MIX
7382,150,7.33920346789488,7.406666666666666,7.0,7.0,14.0,14.0,-0.06746319877178664,0.0,0.012128601101779102,1.0,mri_to_report,BASELINE
7382,150,24.11433215930642,25.28,22.0,22.0,38.0,42.099999999999994,-1.1656678406935796,0.0,0.02610493994400795,0.9999134179839484,ref_to_mri,BASELINE
7336,152,23.06515812431843,13.125,21.0,13.0,43.0,19.0,9.94015812431843,8.0,0.48877919990816737,2.8130129247567485e-33,ref_to_mri,OBS_MIX
7382,147,5.22947710647521,5.238095238095238,6.0,6.0,8.0,8.0,-0.008618131620028002,0.0,0.007505847096356831,1.0,report_to_biopmdt,BASELINE
3314,49,11.17833433916717,11.183673469387756,12.0,12.0,13.0,13.0,-0.005339130220585631,0.0,0.005702462034904487,1.0,treatmdt_to_outpat,BASELINE
3307,44,11.154823102509827,10.113636363636363,12.0,12.0,13.0,12.0,1.0411867388734635,0.0,0.07922588448745087,0.9277079933225255,treatmdt_to_outpat,OBS_MIX
