stage,obs_n,sim_n,obs_mean,sim_mean,obs_median,sim_median,obs_std,sim_std,obs_min,sim_min,obs_max,sim_max,mean_diff,median_diff,ks_stat,ks_p
ref_to_mri,150,123,25.28,24.495934959349594,22.0,22.0,14.205642134601865,12.92308519204996,6,6,114,79,-0.7840650406504075,0.0,0.06552845528455284,0.9090459816670242
mri_to_report,150,123,7.406666666666666,7.365853658536586,7.0,7.0,4.905956750024364,4.71702235314271,0,0,28,21,-0.0408130081300806,0.0,0.033170731707317075,0.9999934519553231
report_to_biopmdt,147,123,5.238095238095238,5.211382113821138,6.0,6.0,2.419479547038746,2.476949579956095,0,0,10,9,-0.02671312427410033,0.0,0.0313588850174216,0.9999987142974206
biopmdt_to_biopsy,69,62,27.92753623188406,25.951612903225808,23.0,22.5,13.168946137409456,10.242033960643672,8,14,76,76,-1.9759233286582507,-0.5,0.10752688172043011,0.7910383394692473
biopsy_to_pathrep,64,62,8.734375,8.193548387096774,7.0,7.0,4.831254684385499,5.291002909912475,1,1,24,24,-0.540826612903226,0.0,0.16683467741935484,0.29898002965793496
pathrep_to_treatmdt,49,52,10.73469387755102,11.288461538461538,9.0,9.0,5.847989363177462,5.48915700682268,4,4,29,29,0.553767660910518,0.0,0.11145996860282574,0.8615889262148205
treatmdt_to_outpat,49,52,11.183673469387756,10.23076923076923,12.0,11.0,7.302035873039551,6.602481365440986,0,0,39,32,-0.952904238618526,-1.0,0.0773155416012559,0.9924516002979459
