stage,obs_n,sim_n,obs_mean,sim_mean,obs_median,sim_median,obs_std,sim_std,obs_min,sim_min,obs_max,sim_max,mean_diff,median_diff,ks_stat,ks_p
ref_to_mri,150,456,25.28,25.098684210526315,22.0,23.0,14.205642134601865,11.997486844026348,6,6,114,79,-0.1813157894736861,1.0,0.03315789473684211,0.9991810518466886
mri_to_report,150,456,7.406666666666666,7.008771929824562,7.0,7.0,4.905956750024364,4.930721123347103,0,0,28,28,-0.39789473684210463,0.0,0.06307017543859648,0.7309389772141446
report_to_biopmdt,147,456,5.238095238095238,5.296052631578948,6.0,6.0,2.419479547038746,2.334185927572304,0,0,10,10,0.05795739348370965,0.0,0.020363408521303257,0.999999998901686
biopmdt_to_biopsy,69,255,27.92753623188406,27.333333333333332,23.0,23.0,13.168946137409456,11.24891362500318,8,8,76,66,-0.5942028985507264,0.0,0.034271099744245526,0.9999992657036283
biopsy_to_pathrep,64,255,8.734375,8.823529411764707,7.0,8.0,4.831254684385499,4.867964870703081,1,1,24,24,0.08915441176470651,1.0,0.03327205882352941,0.9999998575465895
pathrep_to_treatmdt,49,214,10.73469387755102,10.560747663551401,9.0,9.0,5.847989363177462,5.985393127754755,4,4,29,29,-0.17394621399961885,0.0,0.040434865534999045,0.9999985607413302
treatmdt_to_outpat,49,214,11.183673469387756,10.434579439252337,12.0,12.0,7.302035873039551,7.314717337560048,0,0,39,39,-0.749094030135419,0.0,0.1026130078199504,0.7504014764952202
