stage,obs_n,sim_n,obs_mean,sim_mean,obs_median,sim_median,obs_std,sim_std,obs_min,sim_min,obs_max,sim_max,mean_diff,median_diff,ks_stat,ks_p,match_flag
ref_to_mri,150,101,25.28,57.148514851485146,22.0,55.0,14.205642134601865,32.7900552419827,6,1,114,117,31.868514851485145,33.0,0.5401320132013201,9.490161610341053e-17,SIM_TOO_SLOW
mri_to_report,150,101,7.406666666666666,1.0,7.0,1.0,4.905956750024364,0.0,0,1,28,1,-6.406666666666666,-6.0,0.8466666666666667,6.79424422902506e-45,SIM_TOO_FAST
report_to_biopmdt,147,101,5.238095238095238,6.0,6.0,6.0,2.419479547038746,0.0,0,6,10,6,0.7619047619047619,0.0,0.46258503401360546,3.922162816381917e-12,CLOSE_MATCH
biopmdt_to_biopsy,69,70,27.92753623188406,1.0,23.0,1.0,13.168946137409456,0.0,8,1,76,1,-26.92753623188406,-22.0,1.0,4.2634392000875754e-41,SIM_TOO_FAST
biopsy_to_pathrep,64,70,8.734375,0.0,7.0,0.0,4.831254684385499,0.0,1,0,24,0,-8.734375,-7.0,1.0,1.5253064485657225e-39,SIM_TOO_FAST
pathrep_to_treatmdt,49,54,10.73469387755102,1.0,9.0,1.0,5.847989363177462,0.0,4,1,29,1,-9.73469387755102,-8.0,1.0,2.835897047504687e-30,SIM_TOO_FAST
treatmdt_to_outpat,49,54,11.183673469387756,0.0,12.0,0.0,7.302035873039551,0.0,0,0,39,0,-11.183673469387756,-12.0,0.9795918367346939,2.9209739589298277e-28,SIM_TOO_FAST
