subgroup,real_n,sim_n,ks_statistic,ks_pvalue
biopsy_pathology_only,15,1089,0.12378328741965106,0.9559273962221532
ended_before_biopsy,79,3885,0.0852288092794422,0.5963578749027493
full_pathway_to_outpatient,49,5026,0.11801489397987608,0.47284848410016056
