stage,obs_n,sim_n,obs_mean,sim_mean,obs_median,sim_median,obs_std,sim_std,obs_min,sim_min,obs_max,sim_max,mean_diff,median_diff,ks_stat,ks_p
biopmdt_to_biopsy,72,77,33.416666666666664,25.649350649350648,23.0,22.0,26.00365629762612,11.797375080216867,9.0,14.0,140.0,76.0,-7.767316017316016,-1.0,0.16414141414141414,0.23262791971886382
biopsy_to_pathrep,72,77,10.222222222222221,8.519480519480519,8.0,8.0,9.851320383686362,3.929009482816615,3.0,1.0,84.0,17.0,-1.7027417027417027,0.0,0.13185425685425686,0.4829818712859811
mri_to_report,147,134,1.08843537414966,1.0,1.0,1.0,0.629472164921795,0.0,1.0,1.0,8.0,1.0,-0.08843537414965996,0.0,0.034013605442176874,0.9999791492091366
pathrep_to_treatmdt,57,63,15.228070175438596,10.317460317460318,9.0,10.0,15.21044934982392,5.423441940155588,3.0,4.0,70.0,29.0,-4.910609857978278,1.0,0.16290726817042606,0.35596992036947206
ref_to_mri,152,134,13.125,14.23134328358209,13.0,14.0,5.673585245365036,2.9274798089220497,4.0,6.0,42.0,20.0,1.10634328358209,1.0,0.2869206598586017,1.1117033613054808e-05
report_to_biopmdt,72,134,0.0,0.0,0.0,0.0,0.0,0.0,0.0,0.0,0.0,0.0,0.0,0.0,0.0,1.0
treatmdt_to_outpat,44,63,10.113636363636363,12.095238095238095,12.0,12.0,4.232849988776373,8.366049450615161,3.0,0.0,19.0,39.0,1.9816017316017316,0.0,0.11544011544011544,0.8278102851284618
