stage,obs_n,sim_n,obs_mean,sim_mean,obs_median,sim_median,obs_std,sim_std,obs_min,sim_min,obs_max,sim_max,mean_diff,median_diff,ks_stat,ks_p
biopmdt_to_biopsy,72,84,33.416666666666664,28.30952380952381,23.0,22.5,26.00365629762612,13.642577036771518,9.0,8.0,140.0,76.0,-5.107142857142854,-0.5,0.1130952380952381,0.6585286834464826
biopsy_to_pathrep,72,84,10.222222222222221,9.119047619047619,8.0,8.0,9.851320383686362,4.85799493049273,3.0,2.0,84.0,24.0,-1.1031746031746028,0.0,0.13293650793650794,0.4571566348046916
mri_to_report,147,133,1.08843537414966,1.0,1.0,1.0,0.629472164921795,0.0,1.0,1.0,8.0,1.0,-0.08843537414965996,0.0,0.034013605442176874,0.9999822480064028
pathrep_to_treatmdt,57,66,15.228070175438596,10.484848484848484,9.0,10.0,15.21044934982392,4.9466147686066755,3.0,4.0,70.0,26.0,-4.7432216905901115,1.0,0.17543859649122806,0.2629174676208944
ref_to_mri,152,133,13.125,4.172932330827067,13.0,5.0,5.673585245365036,2.8271178122204375,4.0,0.0,42.0,12.0,-8.952067669172934,-8.0,0.8101503759398496,2.8222632957011874e-47
report_to_biopmdt,72,133,0.0,0.0,0.0,0.0,0.0,0.0,0.0,0.0,0.0,0.0,0.0,0.0,0.0,1.0
treatmdt_to_outpat,51,66,5.823529411764706,11.818181818181818,12.0,12.0,13.459132040890216,7.37127291148987,-45.0,4.0,19.0,39.0,5.994652406417113,0.0,0.19340463458110516,0.1988329089253479
