pathway_subgroup,sim_n,sim_mean,sim_median,sim_std,sim_min,sim_max
biopsy_pathology_only,18,39.22222222222222,37.5,11.629352091383229,25,66
ended_before_biopsy,49,5.428571428571429,6.0,2.7309949346956564,1,12
full_pathway_to_outpatient,66,65.63636363636364,61.5,19.259072877786412,37,161
