pathway_subgroup,real_n,real_mean,real_median,real_std,real_min,real_max,sim_n,sim_mean,sim_median,sim_std,sim_min,sim_max,n_difference,mean_difference,percent_mean_difference
biopsy_pathology_only,15,81.13333333333334,71.0,30.726597753799712,49,154,1095.0,75.8,71.0,21.804247946654705,30.0,199.0,1080.0,-5.333333333333343,-6.573541495480701
ended_before_biopsy,79,36.70886075949367,35.0,13.013949023963178,13,91,3889.0,39.323219336590384,36.0,16.71478173104073,9.0,151.0,3810.0,2.6143585770967164,7.121873365194503
full_pathway_to_outpatient,49,94.26530612244898,92.0,23.847410333028552,58,182,5016.0,99.00956937799043,98.0,23.113675220254553,49.0,252.0,4967.0,4.744263255541455,5.032883730710788
other,1,0.0,0.0,,0,0,,,,,,,,,
reached_biopsy_only,4,78.0,65.5,30.276503540974915,58,123,,,,,,,,,
reached_treatment_mdt,2,92.0,92.0,1.4142135623730951,91,93,,,,,,,,,
