n_sim,n_real,mean_sim,mean_real,median_sim,median_real,p90_sim,p90_real,pct62_sim,pct62_real,ks_stat,ks_p
151,49,93.66225165562913,94.26530612244898,91.0,92.0,118.0,118.2,1.3245033112582782,8.16326530612245,0.08933639681037978,0.8980305238486198
